dataset,ds_uci_id,ds_n_total,ds_n_model,ds_pca_dim,encoding,model_family,model_variant,model,flow,qubits,circuit_gate_count,circuit_cnot_count,circuit_depth,circuit_depth_no_meas,encoding_gate_count,encoding_cnot_count,encoding_depth,encoding_depth_no_meas,shots,evals,accuracy,precision,recall,f1,roc_auc,sim_total_seconds,qpu_est_seconds,enc_bench_seconds_total,enc_bench_seconds_scale,enc_bench_seconds_build,enc_bench_ms_per_sample,ds_load_seconds,ds_preprocess_seconds,ds_timestamp_mode,ds_target_mode,ds_pos_rate,ds_impute_seconds,encoding_params,num_params,status,status_detail,error_type,encoding_reps_in_flow,flow_encoding_gate_count,flow_encoding_cnot_count,flow_nonencoding_gate_count,flow_nonencoding_cnot_count,balanced_accuracy,tn,fp,fn,tp,specificity,sim_quantum_seconds,sim_classical_seconds,scaled_total_seconds,enc_bench_n,enc_over_sim_total_ratio,enc_over_qpu_ratio
uci_799,799,416153,60,4,amplitude,QSVM,KernelOverlap,QSVM (KernelOverlap),Flow-2: Quantum model + classical decision,2,32.0,2.0,23.0,22.0,16,1,11,11,,618,0.6666666666666666,1.0,0.2857142857142857,0.4444444444444444,,0.8761923000274692,,0.016282400029012933,0.0009046000195667148,0.015377800009446219,0.2713733338168822,98.94167420000304,0.23571469998569228,numeric,any,0.8189704267420876,0.0,"{""rescale"": ""unit""}",,OK,,,2,32,2,0.0,0.0,0.6428571428571428,8.0,0.0,5.0,2.0,1.0,0.43551880001905374,0.44067350000841543,,60,0.018583135264373437,
uci_799,799,416153,60,4,amplitude,QSVM,LS-SVM,QSVM (LS-SVM),Flow-2: Quantum model + classical decision,2,32.0,2.0,23.0,22.0,16,1,11,11,,618,0.8666666666666667,1.0,0.7142857142857143,0.8333333333333334,0.875,0.9601230000553187,,0.016282400029012933,0.0009046000195667148,0.015377800009446219,0.2713733338168822,98.94167420000304,0.23571469998569228,numeric,any,0.8189704267420876,0.0,"{""rescale"": ""unit""}",,OK,,,2,32,2,0.0,0.0,0.8571428571428572,8.0,0.0,2.0,5.0,1.0,0.4789667000004556,0.4811563000548631,,60,0.016958660534196975,
uci_799,799,416153,60,4,amplitude,QKNN,SwapTest,QKNN (SwapTest),Flow-2: Quantum model + classical decision,5,148.0,18.0,69.0,68.0,16,1,11,11,,450,0.6666666666666666,1.0,0.2857142857142857,0.4444444444444444,1.0,0.26823400001740083,,0.016282400029012933,0.0009046000195667148,0.015377800009446219,0.2713733338168822,98.94167420000304,0.23571469998569228,numeric,any,0.8189704267420876,0.0,"{""rescale"": ""unit""}",,OK,,,2,32,2,116.0,16.0,0.6428571428571428,8.0,0.0,5.0,2.0,1.0,0.2650324999995064,0.003201500017894432,,60,0.06070222279038699,
uci_799,799,416153,60,4,amplitude,QKNN,GroverStyle,QKNN (GroverStyle),Flow-2: Quantum model + classical decision,5,148.0,18.0,69.0,68.0,16,1,11,11,,450,0.6666666666666666,1.0,0.2857142857142857,0.4444444444444444,1.0,0.2550850000116043,,0.016282400029012933,0.0009046000195667148,0.015377800009446219,0.2713733338168822,98.94167420000304,0.23571469998569228,numeric,any,0.8189704267420876,0.0,"{""rescale"": ""unit""}",,OK,,,2,32,2,116.0,16.0,0.6428571428571428,8.0,0.0,5.0,2.0,1.0,0.25373470000340603,0.0013503000081982464,,60,0.06383127203979935,
uci_799,799,416153,60,4,amplitude,QDT,AxisAligned,QDT (AxisAligned),Flow-2: Quantum model + classical decision,2,16.0,1.0,12.0,11.0,16,1,11,11,,58,0.7222222222222222,0.75,0.6666666666666666,0.7058823529411765,,0.33045490001677535,,0.016282400029012933,0.0009046000195667148,0.015377800009446219,0.2713733338168822,98.94167420000304,0.23571469998569228,numeric,any,0.8189704267420876,0.0,"{""rescale"": ""unit""}",,OK,,,1,16,1,0.0,0.0,0.7222222222222222,7.0,2.0,3.0,6.0,0.7777777777777778,0.28413040001760237,0.046324499999172986,,60,0.04927268449699601,
uci_799,799,416153,60,4,amplitude,QDT,EntangledParity,QDT (EntangledParity),Flow-2: Quantum model + classical decision,2,16.0,1.0,12.0,11.0,16,1,11,11,,58,0.6111111111111112,0.6,0.6666666666666666,0.631578947368421,,0.40626369998790324,,0.016282400029012933,0.0009046000195667148,0.015377800009446219,0.2713733338168822,98.94167420000304,0.23571469998569228,numeric,any,0.8189704267420876,0.0,"{""rescale"": ""unit""}",,OK,,,1,16,1,0.0,0.0,0.6111111111111112,5.0,4.0,3.0,6.0,0.5555555555555556,0.3636994000116829,0.042564299976220354,,60,0.04007840235171824,
uci_799,799,416153,60,4,amplitude,QDT,FullQuantumStump,QDT (FullQuantumStump),Flow-1: Quantum model + quantum decision,3,23.0,3.0,19.0,18.0,16,1,11,11,,26,0.5555555555555556,1.0,0.1111111111111111,0.2,0.7530864197530864,0.15632909996202216,,0.016282400029012933,0.0009046000195667148,0.015377800009446219,0.2713733338168822,98.94167420000304,0.23571469998569228,numeric,any,0.8189704267420876,0.0,"{""rescale"": ""unit""}",,OK,,,1,16,1,7.0,2.0,0.5555555555555556,9.0,0.0,8.0,1.0,1.0,0.14835879998281598,0.007970299979206175,,60,0.10415463296960388,
uci_799,799,416153,60,4,amplitude,QNN,Base,QNN,Flow-1: Quantum model + quantum decision,2,44.0,5.0,28.0,27.0,16,1,11,11,,165,0.13333333333333333,0.2,0.2857142857142857,0.23529411764705882,0.25,4.557318367034645,,0.016282400029012933,0.0009046000195667148,0.015377800009446219,0.2713733338168822,98.94167420000304,0.23571469998569228,numeric,any,0.8189704267420876,0.0,"{""rescale"": ""unit""}",8.0,OK,,,1,16,1,28.0,4.0,0.14285714285714285,0.0,8.0,5.0,2.0,0.0,3.896937000012258,0.6603813670223868,,60,0.003572802845373202,
uci_799,799,416153,60,4,amplitude,QCNN,Base,QCNN,Flow-1: Quantum model + quantum decision,2,45.0,5.0,35.0,34.0,16,1,11,11,,165,0.3333333333333333,0.38461538461538464,0.7142857142857143,0.5,0.4464285714285714,1.2239015143659995,,0.016282400029012933,0.0009046000195667148,0.015377800009446219,0.2713733338168822,98.94167420000304,0.23571469998569228,numeric,any,0.8189704267420876,0.0,"{""rescale"": ""unit""}",9.0,OK,,,1,16,1,29.0,4.0,0.35714285714285715,0.0,8.0,2.0,5.0,0.0,0.5651320999895688,0.6587694143764307,,60,0.013303684845465263,
uci_799,799,416153,60,4,histogram,QSVM,KernelOverlap,QSVM (KernelOverlap),Flow-2: Quantum model + classical decision,2,32.0,2.0,23.0,22.0,16,1,11,11,,618,0.6,1.0,0.14285714285714285,0.25,,0.7603415999910794,,0.010150700021767989,0.0009046000195667148,0.009246100002201274,0.16917833369613314,98.94167420000304,0.23571469998569228,numeric,any,0.8189704267420876,0.0,"{""mode"": ""abs""}",,OK,,,2,32,2,0.0,0.0,0.5714285714285714,8.0,0.0,6.0,1.0,1.0,0.3783564000041224,0.381985199986957,,60,0.013350183683080184,
uci_799,799,416153,60,4,histogram,QSVM,LS-SVM,QSVM (LS-SVM),Flow-2: Quantum model + classical decision,2,32.0,2.0,23.0,22.0,16,1,11,11,,618,0.8666666666666667,1.0,0.7142857142857143,0.8333333333333334,0.8035714285714286,0.953887399926316,,0.010150700021767989,0.0009046000195667148,0.009246100002201274,0.16917833369613314,98.94167420000304,0.23571469998569228,numeric,any,0.8189704267420876,0.0,"{""mode"": ""abs""}",,OK,,,2,32,2,0.0,0.0,0.8571428571428572,8.0,0.0,2.0,5.0,1.0,0.4762265000026673,0.4776608999236487,,60,0.010641402772017002,
uci_799,799,416153,60,4,histogram,QKNN,SwapTest,QKNN (SwapTest),Flow-2: Quantum model + classical decision,5,148.0,18.0,69.0,68.0,16,1,11,11,,450,0.7333333333333333,1.0,0.42857142857142855,0.6,0.9910714285714286,0.26704510001582094,,0.010150700021767989,0.0009046000195667148,0.009246100002201274,0.16917833369613314,98.94167420000304,0.23571469998569228,numeric,any,0.8189704267420876,0.0,"{""mode"": ""abs""}",,OK,,,2,32,2,116.0,16.0,0.7142857142857143,8.0,0.0,4.0,3.0,1.0,0.2657697999966331,0.0012753000191878527,,60,0.03801118246006617,
uci_799,799,416153,60,4,histogram,QKNN,GroverStyle,QKNN (GroverStyle),Flow-2: Quantum model + classical decision,5,148.0,18.0,69.0,68.0,16,1,11,11,,450,0.7333333333333333,1.0,0.42857142857142855,0.6,0.9910714285714286,0.19919509999454021,,0.010150700021767989,0.0009046000195667148,0.009246100002201274,0.16917833369613314,98.94167420000304,0.23571469998569228,numeric,any,0.8189704267420876,0.0,"{""mode"": ""abs""}",,OK,,,2,32,2,116.0,16.0,0.7142857142857143,8.0,0.0,4.0,3.0,1.0,0.19773899999563582,0.0014560999989043921,,60,0.05095858292722166,
uci_799,799,416153,60,4,histogram,QDT,AxisAligned,QDT (AxisAligned),Flow-2: Quantum model + classical decision,2,16.0,1.0,12.0,11.0,16,1,11,11,,58,0.9444444444444444,1.0,0.8888888888888888,0.9411764705882353,,0.3346320000127889,,0.010150700021767989,0.0009046000195667148,0.009246100002201274,0.16917833369613314,98.94167420000304,0.23571469998569228,numeric,any,0.8189704267420876,0.0,"{""mode"": ""abs""}",,OK,,,1,16,1,0.0,0.0,0.9444444444444444,9.0,0.0,1.0,8.0,1.0,0.29529350000666454,0.03933850000612438,,60,0.03033391911526707,
uci_799,799,416153,60,4,histogram,QDT,EntangledParity,QDT (EntangledParity),Flow-2: Quantum model + classical decision,2,16.0,1.0,12.0,11.0,16,1,11,11,,58,0.6111111111111112,0.6,0.6666666666666666,0.631578947368421,,0.390748500067275,,0.010150700021767989,0.0009046000195667148,0.009246100002201274,0.16917833369613314,98.94167420000304,0.23571469998569228,numeric,any,0.8189704267420876,0.0,"{""mode"": ""abs""}",,OK,,,1,16,1,0.0,0.0,0.6111111111111112,5.0,4.0,3.0,6.0,0.5555555555555556,0.34740330002387054,0.043345200043404475,,60,0.02597757897988181,
uci_799,799,416153,60,4,histogram,QDT,FullQuantumStump,QDT (FullQuantumStump),Flow-1: Quantum model + quantum decision,3,23.0,3.0,19.0,18.0,16,1,11,11,,26,0.5555555555555556,1.0,0.1111111111111111,0.2,0.7283950617283951,0.14872850000392646,,0.010150700021767989,0.0009046000195667148,0.009246100002201274,0.16917833369613314,98.94167420000304,0.23571469998569228,numeric,any,0.8189704267420876,0.0,"{""mode"": ""abs""}",,OK,,,1,16,1,7.0,2.0,0.5555555555555556,9.0,0.0,8.0,1.0,1.0,0.14193059998797253,0.006797900015953928,,60,0.06824986483088318,
uci_799,799,416153,60,4,histogram,QNN,Base,QNN,Flow-1: Quantum model + quantum decision,2,44.0,5.0,28.0,27.0,16,1,11,11,,165,0.6,1.0,0.14285714285714285,0.25,0.19642857142857142,1.4496245794920934,,0.010150700021767989,0.0009046000195667148,0.009246100002201274,0.16917833369613314,98.94167420000304,0.23571469998569228,numeric,any,0.8189704267420876,0.0,"{""mode"": ""abs""}",8.0,OK,,,1,16,1,28.0,4.0,0.5714285714285714,8.0,0.0,6.0,1.0,1.0,0.5425937999971211,0.9070307794949724,,60,0.007002295742891239,
uci_799,799,416153,60,4,histogram,QCNN,Base,QCNN,Flow-1: Quantum model + quantum decision,2,45.0,5.0,35.0,34.0,16,1,11,11,,165,0.26666666666666666,0.3,0.42857142857142855,0.35294117647058826,0.39285714285714285,1.2061679503937746,,0.010150700021767989,0.0009046000195667148,0.009246100002201274,0.16917833369613314,98.94167420000304,0.23571469998569228,numeric,any,0.8189704267420876,0.0,"{""mode"": ""abs""}",9.0,OK,,,1,16,1,29.0,4.0,0.2767857142857143,1.0,7.0,4.0,3.0,0.125,0.5493718999787234,0.6567960504150512,,60,0.00841566053753469,
uci_799,799,416153,60,4,sparse_amplitude,QSVM,KernelOverlap,QSVM (KernelOverlap),Flow-2: Quantum model + classical decision,2,32.0,2.0,23.0,22.0,16,1,11,11,,618,0.6666666666666666,1.0,0.2857142857142857,0.4444444444444444,,0.9531929999648128,,0.011859700025524944,0.0009046000195667148,0.01095510000595823,0.1976616670920824,98.94167420000304,0.23571469998569228,numeric,any,0.8189704267420876,0.0,"{""rescale"": ""unit"", ""threshold"": 0.001}",,OK,,,2,32,2,0.0,0.0,0.6428571428571428,8.0,0.0,5.0,2.0,1.0,0.47446890000719577,0.478724099957617,,60,0.012442076290911437,
uci_799,799,416153,60,4,sparse_amplitude,QSVM,LS-SVM,QSVM (LS-SVM),Flow-2: Quantum model + classical decision,2,32.0,2.0,23.0,22.0,16,1,11,11,,618,0.8666666666666667,1.0,0.7142857142857143,0.8333333333333334,0.875,0.886195500032045,,0.011859700025524944,0.0009046000195667148,0.01095510000595823,0.1976616670920824,98.94167420000304,0.23571469998569228,numeric,any,0.8189704267420876,0.0,"{""rescale"": ""unit"", ""threshold"": 0.001}",,OK,,,2,32,2,0.0,0.0,0.8571428571428572,8.0,0.0,2.0,5.0,1.0,0.441643300029682,0.44455220000236295,,60,0.01338271298499721,
uci_799,799,416153,60,4,sparse_amplitude,QKNN,SwapTest,QKNN (SwapTest),Flow-2: Quantum model + classical decision,5,148.0,18.0,69.0,68.0,16,1,11,11,,450,0.6666666666666666,1.0,0.2857142857142857,0.4444444444444444,1.0,0.20790019998094067,,0.011859700025524944,0.0009046000195667148,0.01095510000595823,0.1976616670920824,98.94167420000304,0.23571469998569228,numeric,any,0.8189704267420876,0.0,"{""rescale"": ""unit"", ""threshold"": 0.001}",,OK,,,2,32,2,116.0,16.0,0.6428571428571428,8.0,0.0,5.0,2.0,1.0,0.20656849999795668,0.0013316999829839915,,60,0.05704515929572067,
uci_799,799,416153,60,4,sparse_amplitude,QKNN,GroverStyle,QKNN (GroverStyle),Flow-2: Quantum model + classical decision,5,148.0,18.0,69.0,68.0,16,1,11,11,,450,0.6666666666666666,1.0,0.2857142857142857,0.4444444444444444,1.0,0.21206690001417883,,0.011859700025524944,0.0009046000195667148,0.01095510000595823,0.1976616670920824,98.94167420000304,0.23571469998569228,numeric,any,0.8189704267420876,0.0,"{""rescale"": ""unit"", ""threshold"": 0.001}",,OK,,,2,32,2,116.0,16.0,0.6428571428571428,8.0,0.0,5.0,2.0,1.0,0.21078760002274066,0.0012792999914381653,,60,0.05592433342842284,
uci_799,799,416153,60,4,sparse_amplitude,QDT,AxisAligned,QDT (AxisAligned),Flow-2: Quantum model + classical decision,2,16.0,1.0,12.0,11.0,16,1,11,11,,58,0.7222222222222222,0.75,0.6666666666666666,0.7058823529411765,,0.3127880000101868,,0.011859700025524944,0.0009046000195667148,0.01095510000595823,0.1976616670920824,98.94167420000304,0.23571469998569228,numeric,any,0.8189704267420876,0.0,"{""rescale"": ""unit"", ""threshold"": 0.001}",,OK,,,1,16,1,0.0,0.0,0.7222222222222222,7.0,2.0,3.0,6.0,0.7777777777777778,0.2758978999918327,0.03689010001835413,,60,0.037916096605811925,
uci_799,799,416153,60,4,sparse_amplitude,QDT,EntangledParity,QDT (EntangledParity),Flow-2: Quantum model + classical decision,2,16.0,1.0,12.0,11.0,16,1,11,11,,58,0.6111111111111112,0.6,0.6666666666666666,0.631578947368421,,0.3401853000104893,,0.011859700025524944,0.0009046000195667148,0.01095510000595823,0.1976616670920824,98.94167420000304,0.23571469998569228,numeric,any,0.8189704267420876,0.0,"{""rescale"": ""unit"", ""threshold"": 0.001}",,OK,,,1,16,1,0.0,0.0,0.6111111111111112,5.0,4.0,3.0,6.0,0.5555555555555556,0.31183139997301623,0.028353900037473068,,60,0.034862470615747536,
uci_799,799,416153,60,4,sparse_amplitude,QDT,FullQuantumStump,QDT (FullQuantumStump),Flow-1: Quantum model + quantum decision,3,23.0,3.0,19.0,18.0,16,1,11,11,,26,0.5555555555555556,1.0,0.1111111111111111,0.2,0.7530864197530864,0.13769880001200363,,0.011859700025524944,0.0009046000195667148,0.01095510000595823,0.1976616670920824,98.94167420000304,0.23571469998569228,numeric,any,0.8189704267420876,0.0,"{""rescale"": ""unit"", ""threshold"": 0.001}",,OK,,,1,16,1,7.0,2.0,0.5555555555555556,9.0,0.0,8.0,1.0,1.0,0.13163530000019819,0.006063500011805445,,60,0.08612783861944401,
uci_799,799,416153,60,4,sparse_amplitude,QNN,Base,QNN,Flow-1: Quantum model + quantum decision,2,44.0,5.0,28.0,27.0,16,1,11,11,,165,0.13333333333333333,0.2,0.2857142857142857,0.23529411764705882,0.25,1.1226676670191629,,0.011859700025524944,0.0009046000195667148,0.01095510000595823,0.1976616670920824,98.94167420000304,0.23571469998569228,numeric,any,0.8189704267420876,0.0,"{""rescale"": ""unit"", ""threshold"": 0.001}",8.0,OK,,,1,16,1,28.0,4.0,0.14285714285714285,0.0,8.0,5.0,2.0,0.0,0.4622862999967765,0.6603813670223864,,60,0.010563856405532797,
uci_799,799,416153,60,4,sparse_amplitude,QCNN,Base,QCNN,Flow-1: Quantum model + quantum decision,2,45.0,5.0,35.0,34.0,16,1,11,11,,165,0.3333333333333333,0.38461538461538464,0.7142857142857143,0.5,0.4464285714285714,1.098101014353298,,0.011859700025524944,0.0009046000195667148,0.01095510000595823,0.1976616670920824,98.94167420000304,0.23571469998569228,numeric,any,0.8189704267420876,0.0,"{""rescale"": ""unit"", ""threshold"": 0.001}",9.0,OK,,,1,16,1,29.0,4.0,0.35714285714285715,0.0,8.0,2.0,5.0,0.0,0.43933159997686744,0.6587694143764307,,60,0.01080019039278408,
uci_799,799,416153,60,4,angle,QSVM,KernelOverlap,QSVM (KernelOverlap),Flow-2: Quantum model + classical decision,4,40.0,0.0,11.0,10.0,20,0,5,5,,618,0.8666666666666667,0.7777777777777778,1.0,0.875,,0.11586219997843727,,0.006628600007388741,0.0009046000195667148,0.005723999987822026,0.11047666678981234,98.94167420000304,0.23571469998569228,numeric,any,0.8189704267420876,0.0,"{""axis"": ""ry"", ""alpha"": 1.0}",,OK,,,2,40,0,0.0,0.0,0.875,6.0,2.0,0.0,7.0,0.75,0.056575900001917034,0.05928629997652024,,60,0.05721106632380852,
uci_799,799,416153,60,4,angle,QSVM,LS-SVM,QSVM (LS-SVM),Flow-2: Quantum model + classical decision,4,40.0,0.0,11.0,10.0,20,0,5,5,,618,0.8666666666666667,0.7777777777777778,1.0,0.875,0.9642857142857143,0.10275680004269816,,0.006628600007388741,0.0009046000195667148,0.005723999987822026,0.11047666678981234,98.94167420000304,0.23571469998569228,numeric,any,0.8189704267420876,0.0,"{""axis"": ""ry"", ""alpha"": 1.0}",,OK,,,2,40,0,0.0,0.0,0.875,6.0,2.0,0.0,7.0,0.75,0.05037580002681352,0.05238100001588464,,60,0.06450765306660369,
uci_799,799,416153,60,4,angle,QKNN,SwapTest,QKNN (SwapTest),Flow-2: Quantum model + classical decision,9,150.0,32.0,51.0,50.0,20,0,5,5,,450,0.9333333333333333,1.0,0.8571428571428571,0.9230769230769231,0.9910714285714286,0.025656300014816225,,0.006628600007388741,0.0009046000195667148,0.005723999987822026,0.11047666678981234,98.94167420000304,0.23571469998569228,numeric,any,0.8189704267420876,0.0,"{""axis"": ""ry"", ""alpha"": 1.0}",,OK,,,2,40,0,110.0,32.0,0.9285714285714286,8.0,0.0,1.0,6.0,1.0,0.024469500000122935,0.00118680001469329,,60,0.2583614941967781,
uci_799,799,416153,60,4,angle,QKNN,GroverStyle,QKNN (GroverStyle),Flow-2: Quantum model + classical decision,9,150.0,32.0,51.0,50.0,20,0,5,5,,450,0.9333333333333333,1.0,0.8571428571428571,0.9230769230769231,0.9910714285714286,0.025890299992170185,,0.006628600007388741,0.0009046000195667148,0.005723999987822026,0.11047666678981234,98.94167420000304,0.23571469998569228,numeric,any,0.8189704267420876,0.0,"{""axis"": ""ry"", ""alpha"": 1.0}",,OK,,,2,40,0,110.0,32.0,0.9285714285714286,8.0,0.0,1.0,6.0,1.0,0.02468959998805076,0.001200700004119426,,60,0.25602638862405536,
uci_799,799,416153,60,4,angle,QDT,AxisAligned,QDT (AxisAligned),Flow-2: Quantum model + classical decision,4,20.0,0.0,6.0,5.0,20,0,5,5,,58,0.9444444444444444,0.9,1.0,0.9473684210526315,,0.0758940999803599,,0.006628600007388741,0.0009046000195667148,0.005723999987822026,0.11047666678981234,98.94167420000304,0.23571469998569228,numeric,any,0.8189704267420876,0.0,"{""axis"": ""ry"", ""alpha"": 1.0}",,OK,,,1,20,0,0.0,0.0,0.9444444444444444,8.0,1.0,0.0,9.0,0.8888888888888888,0.041848799999570474,0.03404529998078942,,60,0.08734012273818531,
uci_799,799,416153,60,4,angle,QDT,EntangledParity,QDT (EntangledParity),Flow-2: Quantum model + classical decision,4,20.0,0.0,6.0,5.0,20,0,5,5,,58,0.8333333333333334,0.8,0.8888888888888888,0.8421052631578947,,0.09310880000703037,,0.006628600007388741,0.0009046000195667148,0.005723999987822026,0.11047666678981234,98.94167420000304,0.23571469998569228,numeric,any,0.8189704267420876,0.0,"{""axis"": ""ry"", ""alpha"": 1.0}",,OK,,,1,20,0,0.0,0.0,0.8333333333333333,7.0,2.0,1.0,8.0,0.7777777777777778,0.03836060001049191,0.05474819999653846,,60,0.07119198192746802,
uci_799,799,416153,60,4,angle,QDT,FullQuantumStump,QDT (FullQuantumStump),Flow-1: Quantum model + quantum decision,5,29.0,4.0,15.0,14.0,20,0,5,5,,26,0.8333333333333334,0.875,0.7777777777777778,0.8235294117647058,0.9012345679012346,0.025804399978369474,,0.006628600007388741,0.0009046000195667148,0.005723999987822026,0.11047666678981234,98.94167420000304,0.23571469998569228,numeric,any,0.8189704267420876,0.0,"{""axis"": ""ry"", ""alpha"": 1.0}",,OK,,,1,20,0,9.0,4.0,0.8333333333333333,8.0,1.0,2.0,7.0,0.8888888888888888,0.0202162999776192,0.0055881000007502735,,60,0.2568786723560773,
uci_799,799,416153,60,4,angle,QNN,Base,QNN,Flow-1: Quantum model + quantum decision,4,76.0,8.0,26.0,25.0,20,0,5,5,,165,0.8,0.8333333333333334,0.7142857142857143,0.7692307692307693,0.8571428571428572,0.8483727352409778,,0.006628600007388741,0.0009046000195667148,0.005723999987822026,0.11047666678981234,98.94167420000304,0.23571469998569228,numeric,any,0.8189704267420876,0.0,"{""axis"": ""ry"", ""alpha"": 1.0}",16.0,OK,,,1,20,0,56.0,8.0,0.7946428571428572,7.0,1.0,2.0,5.0,0.875,0.4196436000347603,0.42872913520621747,,60,0.007813310979997379,
uci_799,799,416153,60,4,angle,QCNN,Base,QCNN,Flow-1: Quantum model + quantum decision,4,95.0,12.0,46.0,45.0,20,0,5,5,,165,0.6666666666666666,0.625,0.7142857142857143,0.6666666666666666,0.7678571428571428,1.0010046724810293,,0.006628600007388741,0.0009046000195667148,0.005723999987822026,0.11047666678981234,98.94167420000304,0.23571469998569228,numeric,any,0.8189704267420876,0.0,"{""axis"": ""ry"", ""alpha"": 1.0}",23.0,OK,,,1,20,0,75.0,12.0,0.6696428571428572,5.0,3.0,2.0,5.0,0.625,0.6325193000084255,0.3684853724726038,,60,0.006621947119347101,
uci_799,799,416153,60,4,denseangle,QSVM,KernelOverlap,QSVM (KernelOverlap),Flow-2: Quantum model + classical decision,2,62.0,2.0,43.0,42.0,31,1,21,21,,618,0.8,0.75,0.8571428571428571,0.8,,0.10866079994593747,,0.01010160002624616,0.0009046000195667148,0.009197000006679446,0.168360000437436,98.94167420000304,0.23571469998569228,numeric,any,0.8189704267420876,0.0,"{""entangle"": ""ring"", ""scale_theta"": 1.0, ""scale_phi"": 1.0}",,OK,,,2,62,2,0.0,0.0,0.8035714285714286,6.0,2.0,1.0,6.0,0.75,0.052788999979384243,0.055871799966553226,,60,0.09296452843410004,
uci_799,799,416153,60,4,denseangle,QSVM,LS-SVM,QSVM (LS-SVM),Flow-2: Quantum model + classical decision,2,62.0,2.0,43.0,42.0,31,1,21,21,,618,0.9333333333333333,0.875,1.0,0.9333333333333333,0.9642857142857143,0.11119279998820275,,0.01010160002624616,0.0009046000195667148,0.009197000006679446,0.168360000437436,98.94167420000304,0.23571469998569228,numeric,any,0.8189704267420876,0.0,"{""entangle"": ""ring"", ""scale_theta"": 1.0, ""scale_phi"": 1.0}",,OK,,,2,62,2,0.0,0.0,0.9375,7.0,1.0,0.0,7.0,0.875,0.0546432999544777,0.05654950003372505,,60,0.0908476090836629,
uci_799,799,416153,60,4,denseangle,QKNN,SwapTest,QKNN (SwapTest),Flow-2: Quantum model + classical decision,5,122.0,18.0,46.0,45.0,31,1,21,21,,450,0.9333333333333333,1.0,0.8571428571428571,0.9230769230769231,0.9375,0.037507700035348535,,0.01010160002624616,0.0009046000195667148,0.009197000006679446,0.168360000437436,98.94167420000304,0.23571469998569228,numeric,any,0.8189704267420876,0.0,"{""entangle"": ""ring"", ""scale_theta"": 1.0, ""scale_phi"": 1.0}",,OK,,,2,62,2,60.0,16.0,0.9285714285714286,8.0,0.0,1.0,6.0,1.0,0.03614530002232641,0.0013624000130221248,,60,0.2693206999289764,
uci_799,799,416153,60,4,denseangle,QKNN,GroverStyle,QKNN (GroverStyle),Flow-2: Quantum model + classical decision,5,122.0,18.0,46.0,45.0,31,1,21,21,,450,0.9333333333333333,1.0,0.8571428571428571,0.9230769230769231,0.9375,0.03829229998518713,,0.01010160002624616,0.0009046000195667148,0.009197000006679446,0.168360000437436,98.94167420000304,0.23571469998569228,numeric,any,0.8189704267420876,0.0,"{""entangle"": ""ring"", ""scale_theta"": 1.0, ""scale_phi"": 1.0}",,OK,,,2,62,2,60.0,16.0,0.9285714285714286,8.0,0.0,1.0,6.0,1.0,0.036978499992983416,0.0013137999922037125,,60,0.263802384034227,
uci_799,799,416153,60,4,denseangle,QDT,AxisAligned,QDT (AxisAligned),Flow-2: Quantum model + classical decision,2,31.0,1.0,22.0,21.0,31,1,21,21,,58,0.7222222222222222,0.8333333333333334,0.5555555555555556,0.6666666666666666,,0.07152780002797954,,0.01010160002624616,0.0009046000195667148,0.009197000006679446,0.168360000437436,98.94167420000304,0.23571469998569228,numeric,any,0.8189704267420876,0.0,"{""entangle"": ""ring"", ""scale_theta"": 1.0, ""scale_phi"": 1.0}",,OK,,,1,31,1,0.0,0.0,0.7222222222222222,8.0,1.0,4.0,5.0,0.8888888888888888,0.04375070001697168,0.02777710001100786,,60,0.14122620886277387,
uci_799,799,416153,60,4,denseangle,QDT,EntangledParity,QDT (EntangledParity),Flow-2: Quantum model + classical decision,2,31.0,1.0,22.0,21.0,31,1,21,21,,58,0.7222222222222222,0.8333333333333334,0.5555555555555556,0.6666666666666666,,0.08124679999309592,,0.01010160002624616,0.0009046000195667148,0.009197000006679446,0.168360000437436,98.94167420000304,0.23571469998569228,numeric,any,0.8189704267420876,0.0,"{""entangle"": ""ring"", ""scale_theta"": 1.0, ""scale_phi"": 1.0}",,OK,,,1,31,1,0.0,0.0,0.7222222222222222,8.0,1.0,4.0,5.0,0.8888888888888888,0.05001500001526438,0.031231799977831542,,60,0.12433228172807495,
uci_799,799,416153,60,4,denseangle,QDT,FullQuantumStump,QDT (FullQuantumStump),Flow-1: Quantum model + quantum decision,3,38.0,3.0,28.0,27.0,31,1,21,21,,26,0.7777777777777778,1.0,0.5555555555555556,0.7142857142857143,0.6790123456790124,0.022589699976379052,,0.01010160002624616,0.0009046000195667148,0.009197000006679446,0.168360000437436,98.94167420000304,0.23571469998569228,numeric,any,0.8189704267420876,0.0,"{""entangle"": ""ring"", ""scale_theta"": 1.0, ""scale_phi"": 1.0}",,OK,,,1,31,1,7.0,2.0,0.7777777777777778,9.0,0.0,4.0,5.0,1.0,0.01861050000297837,0.003979199973400682,,60,0.4471772549794336,
uci_799,799,416153,60,4,denseangle,QNN,Base,QNN,Flow-1: Quantum model + quantum decision,2,75.0,5.0,46.0,45.0,31,1,21,21,,165,0.4,0.25,0.14285714285714285,0.18181818181818182,0.30357142857142855,0.9918380719778149,,0.01010160002624616,0.0009046000195667148,0.009197000006679446,0.168360000437436,98.94167420000304,0.23571469998569228,numeric,any,0.8189704267420876,0.0,"{""entangle"": ""ring"", ""scale_theta"": 1.0, ""scale_phi"": 1.0}",8.0,OK,,,1,31,1,44.0,4.0,0.3839285714285714,5.0,3.0,6.0,1.0,0.625,0.28430199998547323,0.7075360719923417,,60,0.010184727035233336,
uci_799,799,416153,60,4,denseangle,QCNN,Base,QCNN,Flow-1: Quantum model + quantum decision,2,80.0,5.0,61.0,60.0,31,1,21,21,,165,0.6,0.5555555555555556,0.7142857142857143,0.625,0.7321428571428572,1.07990611154088,,0.01010160002624616,0.0009046000195667148,0.009197000006679446,0.168360000437436,98.94167420000304,0.23571469998569228,numeric,any,0.8189704267420876,0.0,"{""entangle"": ""ring"", ""scale_theta"": 1.0, ""scale_phi"": 1.0}",9.0,OK,,,1,31,1,49.0,4.0,0.6071428571428572,4.0,4.0,2.0,5.0,0.5,0.35638080001808703,0.7235253115227929,,60,0.009354146548751857,
uci_799,799,416153,60,4,reuploading,QSVM,KernelOverlap,QSVM (KernelOverlap),Flow-2: Quantum model + classical decision,1,96.0,0.0,97.0,96.0,48,0,48,48,,618,0.6,0.5714285714285714,0.5714285714285714,0.5714285714285714,,0.3816561000130605,,0.017396300012478605,0.0009046000195667148,0.01649169999291189,0.2899383335413101,98.94167420000304,0.23571469998569228,numeric,any,0.8189704267420876,0.0,"{""num_qubits"": 1, ""reps"": 2, ""axes"": ""ryrz"", ""entangle"": ""none"", ""alpha"": 1.0}",,OK,,,2,96,0,0.0,0.0,0.5982142857142857,5.0,3.0,3.0,4.0,0.625,0.18927410000469536,0.19238200000836514,,60,0.045581087297918974,
uci_799,799,416153,60,4,reuploading,QSVM,LS-SVM,QSVM (LS-SVM),Flow-2: Quantum model + classical decision,1,96.0,0.0,97.0,96.0,48,0,48,48,,618,0.7333333333333333,0.6666666666666666,0.8571428571428571,0.75,0.625,0.3962211999751162,,0.017396300012478605,0.0009046000195667148,0.01649169999291189,0.2899383335413101,98.94167420000304,0.23571469998569228,numeric,any,0.8189704267420876,0.0,"{""num_qubits"": 1, ""reps"": 2, ""axes"": ""ryrz"", ""entangle"": ""none"", ""alpha"": 1.0}",,OK,,,2,96,0,0.0,0.0,0.7410714285714286,5.0,3.0,1.0,6.0,0.625,0.1965842000208795,0.19963699995423667,,60,0.04390552553364419,
uci_799,799,416153,60,4,reuploading,QKNN,SwapTest,QKNN (SwapTest),Flow-2: Quantum model + classical decision,3,195.0,8.0,102.0,101.0,48,0,48,48,,450,0.6,0.5555555555555556,0.7142857142857143,0.625,0.6071428571428572,0.11479819999658503,,0.017396300012478605,0.0009046000195667148,0.01649169999291189,0.2899383335413101,98.94167420000304,0.23571469998569228,numeric,any,0.8189704267420876,0.0,"{""num_qubits"": 1, ""reps"": 2, ""axes"": ""ryrz"", ""entangle"": ""none"", ""alpha"": 1.0}",,OK,,,2,96,0,99.0,8.0,0.6071428571428572,4.0,4.0,2.0,5.0,0.5,0.1128364999894984,0.0019617000070866197,,60,0.15153809043169755,
uci_799,799,416153,60,4,reuploading,QKNN,GroverStyle,QKNN (GroverStyle),Flow-2: Quantum model + classical decision,3,195.0,8.0,102.0,101.0,48,0,48,48,,450,0.6,0.5555555555555556,0.7142857142857143,0.625,0.6071428571428572,0.08734490000642836,,0.017396300012478605,0.0009046000195667148,0.01649169999291189,0.2899383335413101,98.94167420000304,0.23571469998569228,numeric,any,0.8189704267420876,0.0,"{""num_qubits"": 1, ""reps"": 2, ""axes"": ""ryrz"", ""entangle"": ""none"", ""alpha"": 1.0}",,OK,,,2,96,0,99.0,8.0,0.6071428571428572,4.0,4.0,2.0,5.0,0.5,0.0859677999978885,0.0013771000085398555,,60,0.1991678965938284,
uci_799,799,416153,60,4,reuploading,QDT,AxisAligned,QDT (AxisAligned),Flow-2: Quantum model + classical decision,1,48.0,0.0,49.0,48.0,48,0,48,48,,58,0.5,0.5,0.1111111111111111,0.18181818181818182,,0.1424033000075724,,0.017396300012478605,0.0009046000195667148,0.01649169999291189,0.2899383335413101,98.94167420000304,0.23571469998569228,numeric,any,0.8189704267420876,0.0,"{""num_qubits"": 1, ""reps"": 2, ""axes"": ""ryrz"", ""entangle"": ""none"", ""alpha"": 1.0}",,OK,,,1,48,0,0.0,0.0,0.5,8.0,1.0,8.0,1.0,0.8888888888888888,0.10141619999194518,0.04098710001562722,,60,0.12216219716504845,
uci_799,799,416153,60,4,reuploading,QDT,EntangledParity,QDT (EntangledParity),Flow-2: Quantum model + classical decision,1,,,,,48,0,48,48,,0,,,,,,0.0,,0.017396300012478605,0.0009046000195667148,0.01649169999291189,0.2899383335413101,98.94167420000304,0.23571469998569228,numeric,any,0.8189704267420876,0.0,"{""num_qubits"": 1, ""reps"": 2, ""axes"": ""ryrz"", ""entangle"": ""none"", ""alpha"": 1.0}",,SKIPPED,EntangledParity QDT requires encoding qubits >= 2; got 1.,,1,48,0,,,,,,,,,0.0,0.0,,60,,
uci_799,799,416153,60,4,reuploading,QDT,FullQuantumStump,QDT (FullQuantumStump),Flow-1: Quantum model + quantum decision,2,54.0,1.0,55.0,54.0,48,0,48,48,,26,0.4444444444444444,0.4444444444444444,0.4444444444444444,0.4444444444444444,0.4567901234567901,0.06514500002958812,,0.017396300012478605,0.0009046000195667148,0.01649169999291189,0.2899383335413101,98.94167420000304,0.23571469998569228,numeric,any,0.8189704267420876,0.0,"{""num_qubits"": 1, ""reps"": 2, ""axes"": ""ryrz"", ""entangle"": ""none"", ""alpha"": 1.0}",,OK,,,1,48,0,6.0,1.0,0.4444444444444444,4.0,5.0,5.0,4.0,0.4444444444444444,0.06120240001473576,0.00394260001485236,,60,0.2670396807825221,
uci_799,799,416153,60,4,reuploading,QNN,Base,QNN,Flow-1: Quantum model + quantum decision,1,60.0,0.0,61.0,60.0,48,0,48,48,,165,0.6,0.5714285714285714,0.5714285714285714,0.5714285714285714,0.6428571428571428,0.8110419141923227,,0.017396300012478605,0.0009046000195667148,0.01649169999291189,0.2899383335413101,98.94167420000304,0.23571469998569228,numeric,any,0.8189704267420876,0.0,"{""num_qubits"": 1, ""reps"": 2, ""axes"": ""ryrz"", ""entangle"": ""none"", ""alpha"": 1.0}",4.0,OK,,,1,48,0,12.0,0.0,0.5982142857142857,5.0,3.0,3.0,4.0,0.625,0.2947130000102334,0.5163289141820894,,60,0.021449323035052675,
uci_799,799,416153,60,4,reuploading,QCNN,Base,QCNN,Flow-1: Quantum model + quantum decision,1,54.0,0.0,55.0,54.0,48,0,48,48,,165,0.5333333333333333,0.5,0.5714285714285714,0.5333333333333333,0.6607142857142857,1.1125178567151686,,0.017396300012478605,0.0009046000195667148,0.01649169999291189,0.2899383335413101,98.94167420000304,0.23571469998569228,numeric,any,0.8189704267420876,0.0,"{""num_qubits"": 1, ""reps"": 2, ""axes"": ""ryrz"", ""entangle"": ""none"", ""alpha"": 1.0}",2.0,OK,,,1,48,0,6.0,0.0,0.5357142857142857,4.0,4.0,3.0,4.0,0.5,0.18296390000614338,0.9295539567090252,,60,0.015636872619593806,
uci_799,799,416153,60,4,havlicek,QSVM,KernelOverlap,QSVM (KernelOverlap),Flow-2: Quantum model + classical decision,4,208.0,32.0,71.0,70.0,104,16,35,35,,618,0.5333333333333333,0.5,0.8571428571428571,0.631578947368421,,0.639508099964587,,0.028459699999075383,0.0009046000195667148,0.027555099979508668,0.47432833331792307,98.94167420000304,0.23571469998569228,numeric,any,0.8189704267420876,0.0,"{""entangler"": ""ring"", ""pair"": ""prod""}",,OK,,,2,208,32,0.0,0.0,0.5535714285714286,2.0,6.0,1.0,6.0,0.25,0.3174202999798581,0.3220877999847289,,60,0.04450248558329652,
uci_799,799,416153,60,4,havlicek,QSVM,LS-SVM,QSVM (LS-SVM),Flow-2: Quantum model + classical decision,4,208.0,32.0,71.0,70.0,104,16,35,35,,618,0.5333333333333333,0.5,0.42857142857142855,0.46153846153846156,0.5,0.6404151999449823,,0.028459699999075383,0.0009046000195667148,0.027555099979508668,0.47432833331792307,98.94167420000304,0.23571469998569228,numeric,any,0.8189704267420876,0.0,"{""entangler"": ""ring"", ""pair"": ""prod""}",,OK,,,2,208,32,0.0,0.0,0.5267857142857143,5.0,3.0,4.0,3.0,0.625,0.3194581999850925,0.3209569999598898,,60,0.04443945115843649,
uci_799,799,416153,60,4,havlicek,QKNN,SwapTest,QKNN (SwapTest),Flow-2: Quantum model + classical decision,9,382.0,64.0,94.0,93.0,104,16,35,35,,450,0.4666666666666667,0.42857142857142855,0.42857142857142855,0.42857142857142855,0.6071428571428571,0.15782349999062717,,0.028459699999075383,0.0009046000195667148,0.027555099979508668,0.47432833331792307,98.94167420000304,0.23571469998569228,numeric,any,0.8189704267420876,0.0,"{""entangler"": ""ring"", ""pair"": ""prod""}",,OK,,,2,208,32,174.0,32.0,0.4642857142857143,4.0,4.0,4.0,3.0,0.5,0.156373200006783,0.001450299983844161,,60,0.18032612380770638,
uci_799,799,416153,60,4,havlicek,QKNN,GroverStyle,QKNN (GroverStyle),Flow-2: Quantum model + classical decision,9,382.0,64.0,94.0,93.0,104,16,35,35,,450,0.4666666666666667,0.42857142857142855,0.42857142857142855,0.42857142857142855,0.6071428571428571,0.15372649999335408,,0.028459699999075383,0.0009046000195667148,0.027555099979508668,0.47432833331792307,98.94167420000304,0.23571469998569228,numeric,any,0.8189704267420876,0.0,"{""entangler"": ""ring"", ""pair"": ""prod""}",,OK,,,2,208,32,174.0,32.0,0.4642857142857143,4.0,4.0,4.0,3.0,0.5,0.1514677999948617,0.002258699998492375,,60,0.1851320364433312,
uci_799,799,416153,60,4,havlicek,QDT,AxisAligned,QDT (AxisAligned),Flow-2: Quantum model + classical decision,4,104.0,16.0,36.0,35.0,104,16,35,35,,58,0.7222222222222222,1.0,0.4444444444444444,0.6153846153846154,,0.22123930000816472,,0.028459699999075383,0.0009046000195667148,0.027555099979508668,0.47432833331792307,98.94167420000304,0.23571469998569228,numeric,any,0.8189704267420876,0.0,"{""entangler"": ""ring"", ""pair"": ""prod""}",,OK,,,1,104,16,0.0,0.0,0.7222222222222222,9.0,0.0,5.0,4.0,1.0,0.1698486000241246,0.05139069998404011,,60,0.12863763353990496,
uci_799,799,416153,60,4,havlicek,QDT,EntangledParity,QDT (EntangledParity),Flow-2: Quantum model + classical decision,4,104.0,16.0,36.0,35.0,104,16,35,35,,58,0.5555555555555556,0.5714285714285714,0.4444444444444444,0.5,,0.29616149998037145,,0.028459699999075383,0.0009046000195667148,0.027555099979508668,0.47432833331792307,98.94167420000304,0.23571469998569228,numeric,any,0.8189704267420876,0.0,"{""entangler"": ""ring"", ""pair"": ""prod""}",,OK,,,1,104,16,0.0,0.0,0.5555555555555556,6.0,3.0,5.0,4.0,0.6666666666666666,0.24032609999994747,0.05583539998042397,,60,0.09609520481548613,
uci_799,799,416153,60,4,havlicek,QDT,FullQuantumStump,QDT (FullQuantumStump),Flow-1: Quantum model + quantum decision,5,113.0,20.0,43.0,42.0,104,16,35,35,,26,0.2777777777777778,0.25,0.2222222222222222,0.23529411764705882,0.24691358024691357,0.11193500002264045,,0.028459699999075383,0.0009046000195667148,0.027555099979508668,0.47432833331792307,98.94167420000304,0.23571469998569228,numeric,any,0.8189704267420876,0.0,"{""entangler"": ""ring"", ""pair"": ""prod""}",,OK,,,1,104,16,9.0,4.0,0.2777777777777778,3.0,6.0,7.0,2.0,0.3333333333333333,0.10599260003073141,0.005942399991909042,,60,0.25425202120265333,
uci_799,799,416153,60,4,havlicek,QNN,Base,QNN,Flow-1: Quantum model + quantum decision,4,192.0,24.0,63.0,62.0,104,16,35,35,,165,0.6666666666666666,0.6666666666666666,0.5714285714285714,0.6153846153846154,0.75,1.2271657249892063,,0.028459699999075383,0.0009046000195667148,0.027555099979508668,0.47432833331792307,98.94167420000304,0.23571469998569228,numeric,any,0.8189704267420876,0.0,"{""entangler"": ""ring"", ""pair"": ""prod""}",16.0,OK,,,1,104,16,88.0,8.0,0.6607142857142857,6.0,2.0,3.0,4.0,0.75,0.6682859999709763,0.55887972501823,,60,0.02319140717471204,
uci_799,799,416153,60,4,havlicek,QCNN,Base,QCNN,Flow-1: Quantum model + quantum decision,4,231.0,28.0,104.0,103.0,104,16,35,35,,165,0.8,0.8333333333333334,0.7142857142857143,0.7692307692307693,0.7857142857142857,1.28611134216345,,0.028459699999075383,0.0009046000195667148,0.027555099979508668,0.47432833331792307,98.94167420000304,0.23571469998569228,numeric,any,0.8189704267420876,0.0,"{""entangler"": ""ring"", ""pair"": ""prod""}",23.0,OK,,,1,104,16,127.0,12.0,0.7946428571428572,7.0,1.0,2.0,5.0,0.875,0.6881343999993987,0.5979769421640513,,60,0.022128488464460243,
uci_799,799,416153,60,4,hamiltonian,QSVM,KernelOverlap,QSVM (KernelOverlap),Flow-2: Quantum model + classical decision,4,104.0,16.0,39.0,38.0,52,8,19,19,,618,0.4666666666666667,0.4666666666666667,1.0,0.6363636363636364,,0.28908159994171,,0.009601200028555468,0.0009046000195667148,0.008696600008988753,0.16002000047592446,98.94167420000304,0.23571469998569228,numeric,any,0.8189704267420876,0.0,"{""entangler"": ""ring"", ""pair"": ""lin"", ""time"": 1.0, ""hadamard"": true}",,OK,,,2,104,16,0.0,0.0,0.5,0.0,8.0,0.0,7.0,0.0,0.14204849995439872,0.1470330999873113,,60,0.03321276771157846,
uci_799,799,416153,60,4,hamiltonian,QSVM,LS-SVM,QSVM (LS-SVM),Flow-2: Quantum model + classical decision,4,104.0,16.0,39.0,38.0,52,8,19,19,,618,0.5333333333333333,0.5,0.8571428571428571,0.631578947368421,0.6428571428571428,0.32567729998845607,,0.009601200028555468,0.0009046000195667148,0.008696600008988753,0.16002000047592446,98.94167420000304,0.23571469998569228,numeric,any,0.8189704267420876,0.0,"{""entangler"": ""ring"", ""pair"": ""lin"", ""time"": 1.0, ""hadamard"": true}",,OK,,,2,104,16,0.0,0.0,0.5535714285714286,2.0,6.0,1.0,6.0,0.25,0.16175329996622168,0.1639240000222344,,60,0.02948071612266434,
uci_799,799,416153,60,4,hamiltonian,QKNN,SwapTest,QKNN (SwapTest),Flow-2: Quantum model + classical decision,9,246.0,48.0,70.0,69.0,52,8,19,19,,450,0.4666666666666667,0.45454545454545453,0.7142857142857143,0.5555555555555556,0.625,0.106105100014247,,0.009601200028555468,0.0009046000195667148,0.008696600008988753,0.16002000047592446,98.94167420000304,0.23571469998569228,numeric,any,0.8189704267420876,0.0,"{""entangler"": ""ring"", ""pair"": ""lin"", ""time"": 1.0, ""hadamard"": true}",,OK,,,2,104,16,142.0,32.0,0.48214285714285715,2.0,6.0,2.0,5.0,0.25,0.10367700000642799,0.002428100007819012,,60,0.09048763939967344,
uci_799,799,416153,60,4,hamiltonian,QKNN,GroverStyle,QKNN (GroverStyle),Flow-2: Quantum model + classical decision,9,246.0,48.0,70.0,69.0,52,8,19,19,,450,0.4666666666666667,0.45454545454545453,0.7142857142857143,0.5555555555555556,0.625,0.10030259998166002,,0.009601200028555468,0.0009046000195667148,0.008696600008988753,0.16002000047592446,98.94167420000304,0.23571469998569228,numeric,any,0.8189704267420876,0.0,"{""entangler"": ""ring"", ""pair"": ""lin"", ""time"": 1.0, ""hadamard"": true}",,OK,,,2,104,16,142.0,32.0,0.48214285714285715,2.0,6.0,2.0,5.0,0.25,0.09838519999175332,0.0019173999899066985,,60,0.09572234448868737,
uci_799,799,416153,60,4,hamiltonian,QDT,AxisAligned,QDT (AxisAligned),Flow-2: Quantum model + classical decision,4,52.0,8.0,20.0,19.0,52,8,19,19,,58,0.5,0.0,0.0,0.0,,0.14065809996100143,,0.009601200028555468,0.0009046000195667148,0.008696600008988753,0.16002000047592446,98.94167420000304,0.23571469998569228,numeric,any,0.8189704267420876,0.0,"{""entangler"": ""ring"", ""pair"": ""lin"", ""time"": 1.0, ""hadamard"": true}",,OK,,,1,52,8,0.0,0.0,0.5,9.0,0.0,9.0,0.0,1.0,0.09747399998013861,0.04318409998086281,,60,0.06825913353882554,
uci_799,799,416153,60,4,hamiltonian,QDT,EntangledParity,QDT (EntangledParity),Flow-2: Quantum model + classical decision,4,52.0,8.0,20.0,19.0,52,8,19,19,,58,0.5,0.0,0.0,0.0,,0.16624360001878813,,0.009601200028555468,0.0009046000195667148,0.008696600008988753,0.16002000047592446,98.94167420000304,0.23571469998569228,numeric,any,0.8189704267420876,0.0,"{""entangler"": ""ring"", ""pair"": ""lin"", ""time"": 1.0, ""hadamard"": true}",,OK,,,1,52,8,0.0,0.0,0.5,9.0,0.0,9.0,0.0,1.0,0.10809630001313053,0.0581473000056576,,60,0.05775380241687729,
uci_799,799,416153,60,4,hamiltonian,QDT,FullQuantumStump,QDT (FullQuantumStump),Flow-1: Quantum model + quantum decision,5,61.0,12.0,27.0,26.0,52,8,19,19,,26,0.5,0.0,0.0,0.0,0.6790123456790124,0.05602990000625141,,0.009601200028555468,0.0009046000195667148,0.008696600008988753,0.16002000047592446,98.94167420000304,0.23571469998569228,numeric,any,0.8189704267420876,0.0,"{""entangler"": ""ring"", ""pair"": ""lin"", ""time"": 1.0, ""hadamard"": true}",,OK,,,1,52,8,9.0,4.0,0.5,9.0,0.0,9.0,0.0,1.0,0.04960389999905601,0.006426000007195398,,60,0.17135850728779162,
uci_799,799,416153,60,4,hamiltonian,QNN,Base,QNN,Flow-1: Quantum model + quantum decision,4,140.0,16.0,47.0,46.0,52,8,19,19,,165,0.8,0.8333333333333334,0.7142857142857143,0.7692307692307693,0.8035714285714286,1.159026095226009,,0.009601200028555468,0.0009046000195667148,0.008696600008988753,0.16002000047592446,98.94167420000304,0.23571469998569228,numeric,any,0.8189704267420876,0.0,"{""entangler"": ""ring"", ""pair"": ""lin"", ""time"": 1.0, ""hadamard"": true}",16.0,OK,,,1,52,8,88.0,8.0,0.7946428571428572,7.0,1.0,2.0,5.0,0.875,0.584085500013316,0.5749405952126929,,60,0.008283851475046594,
uci_799,799,416153,60,4,hamiltonian,QCNN,Base,QCNN,Flow-1: Quantum model + quantum decision,4,179.0,20.0,88.0,87.0,52,8,19,19,,165,0.6,0.5555555555555556,0.7142857142857143,0.625,0.5,1.4229117212450557,,0.009601200028555468,0.0009046000195667148,0.008696600008988753,0.16002000047592446,98.94167420000304,0.23571469998569228,numeric,any,0.8189704267420876,0.0,"{""entangler"": ""ring"", ""pair"": ""lin"", ""time"": 1.0, ""hadamard"": true}",23.0,OK,,,1,52,8,127.0,12.0,0.6071428571428572,4.0,4.0,2.0,5.0,0.5,0.7902537000190932,0.6326580212259625,,60,0.006747572519927213,
uci_799,799,416153,60,4,trainable_kernel,QSVM,KernelOverlap,QSVM (KernelOverlap),Flow-2: Quantum model + classical decision,4,536.0,16.0,181.0,180.0,268,8,90,90,,618,0.8,0.7,1.0,0.8235294117647058,,0.9090187000110745,,0.0273280999972485,0.0009046000195667148,0.026423499977681786,0.455468333287475,98.94167420000304,0.23571469998569228,numeric,any,0.8189704267420876,0.0,"{""reps"": 2, ""entangler"": ""ring"", ""seed"": 0, ""weight_scale"": 0.3, ""data_scale"": 1.0}",,OK,,,2,536,16,0.0,0.0,0.8125,5.0,3.0,0.0,7.0,0.625,0.45269069998175837,0.45632800002931617,,60,0.03006329792436125,
uci_799,799,416153,60,4,trainable_kernel,QSVM,LS-SVM,QSVM (LS-SVM),Flow-2: Quantum model + classical decision,4,536.0,16.0,181.0,180.0,268,8,90,90,,618,0.8666666666666667,0.7777777777777778,1.0,0.875,0.9642857142857143,0.9419635999947786,,0.0273280999972485,0.0009046000195667148,0.026423499977681786,0.455468333287475,98.94167420000304,0.23571469998569228,numeric,any,0.8189704267420876,0.0,"{""reps"": 2, ""entangler"": ""ring"", ""seed"": 0, ""weight_scale"": 0.3, ""data_scale"": 1.0}",,OK,,,2,536,16,0.0,0.0,0.875,6.0,2.0,0.0,7.0,0.75,0.4702032000059262,0.47176039998885244,,60,0.029011842917709328,
uci_799,799,416153,60,4,trainable_kernel,QKNN,SwapTest,QKNN (SwapTest),Flow-2: Quantum model + classical decision,9,646.0,48.0,120.0,119.0,268,8,90,90,,450,0.8666666666666667,1.0,0.7142857142857143,0.8333333333333334,0.875,0.2763490999932401,,0.0273280999972485,0.0009046000195667148,0.026423499977681786,0.455468333287475,98.94167420000304,0.23571469998569228,numeric,any,0.8189704267420876,0.0,"{""reps"": 2, ""entangler"": ""ring"", ""seed"": 0, ""weight_scale"": 0.3, ""data_scale"": 1.0}",,OK,,,2,536,16,110.0,32.0,0.8571428571428572,8.0,0.0,2.0,5.0,1.0,0.27435290001449175,0.0019961999787483364,,60,0.09888977383286932,
uci_799,799,416153,60,4,trainable_kernel,QKNN,GroverStyle,QKNN (GroverStyle),Flow-2: Quantum model + classical decision,9,646.0,48.0,120.0,119.0,268,8,90,90,,450,0.8666666666666667,1.0,0.7142857142857143,0.8333333333333334,0.875,0.22646980002173223,,0.0273280999972485,0.0009046000195667148,0.026423499977681786,0.455468333287475,98.94167420000304,0.23571469998569228,numeric,any,0.8189704267420876,0.0,"{""reps"": 2, ""entangler"": ""ring"", ""seed"": 0, ""weight_scale"": 0.3, ""data_scale"": 1.0}",,OK,,,2,536,16,110.0,32.0,0.8571428571428572,8.0,0.0,2.0,5.0,1.0,0.223486300004879,0.0029835000168532133,,60,0.12066995243792361,
uci_799,799,416153,60,4,trainable_kernel,QDT,AxisAligned,QDT (AxisAligned),Flow-2: Quantum model + classical decision,4,268.0,8.0,91.0,90.0,268,8,90,90,,58,0.9444444444444444,0.9,1.0,0.9473684210526315,,0.3439020999940112,,0.0273280999972485,0.0009046000195667148,0.026423499977681786,0.455468333287475,98.94167420000304,0.23571469998569228,numeric,any,0.8189704267420876,0.0,"{""reps"": 2, ""entangler"": ""ring"", ""seed"": 0, ""weight_scale"": 0.3, ""data_scale"": 1.0}",,OK,,,1,268,8,0.0,0.0,0.9444444444444444,8.0,1.0,0.0,9.0,0.8888888888888888,0.2854475000058301,0.058454599988181144,,60,0.07946476627425188,
uci_799,799,416153,60,4,trainable_kernel,QDT,EntangledParity,QDT (EntangledParity),Flow-2: Quantum model + classical decision,4,268.0,8.0,91.0,90.0,268,8,90,90,,58,0.6111111111111112,0.6,0.6666666666666666,0.631578947368421,,0.3414964999537915,,0.0273280999972485,0.0009046000195667148,0.026423499977681786,0.455468333287475,98.94167420000304,0.23571469998569228,numeric,any,0.8189704267420876,0.0,"{""reps"": 2, ""entangler"": ""ring"", ""seed"": 0, ""weight_scale"": 0.3, ""data_scale"": 1.0}",,OK,,,1,268,8,0.0,0.0,0.6111111111111112,5.0,4.0,3.0,6.0,0.5555555555555556,0.28744919996825047,0.05404729998554103,,60,0.08002453905368376,
uci_799,799,416153,60,4,trainable_kernel,QDT,FullQuantumStump,QDT (FullQuantumStump),Flow-1: Quantum model + quantum decision,5,277.0,12.0,97.0,96.0,268,8,90,90,,26,0.7222222222222222,0.8333333333333334,0.5555555555555556,0.6666666666666666,0.8271604938271605,0.13953380004386418,,0.0273280999972485,0.0009046000195667148,0.026423499977681786,0.455468333287475,98.94167420000304,0.23571469998569228,numeric,any,0.8189704267420876,0.0,"{""reps"": 2, ""entangler"": ""ring"", ""seed"": 0, ""weight_scale"": 0.3, ""data_scale"": 1.0}",,OK,,,1,268,8,9.0,4.0,0.7222222222222222,8.0,1.0,4.0,5.0,0.8888888888888888,0.13362070001312532,0.00591310003073886,,60,0.19585290437626993,
uci_799,799,416153,60,4,trainable_kernel,QNN,Base,QNN,Flow-1: Quantum model + quantum decision,4,356.0,16.0,117.0,116.0,268,8,90,90,,165,0.6666666666666666,0.6666666666666666,0.5714285714285714,0.6153846153846154,0.8214285714285714,1.2781989074694362,,0.0273280999972485,0.0009046000195667148,0.026423499977681786,0.455468333287475,98.94167420000304,0.23571469998569228,numeric,any,0.8189704267420876,0.0,"{""reps"": 2, ""entangler"": ""ring"", ""seed"": 0, ""weight_scale"": 0.3, ""data_scale"": 1.0}",16.0,OK,,,1,268,8,88.0,8.0,0.6607142857142857,6.0,2.0,3.0,4.0,0.75,0.751075000007404,0.5271239074620322,,60,0.021380162224792044,
uci_799,799,416153,60,4,trainable_kernel,QCNN,Base,QCNN,Flow-1: Quantum model + quantum decision,4,395.0,20.0,159.0,158.0,268,8,90,90,,165,0.8666666666666667,0.8571428571428571,0.8571428571428571,0.8571428571428571,0.9464285714285714,1.4920922292025556,,0.0273280999972485,0.0009046000195667148,0.026423499977681786,0.455468333287475,98.94167420000304,0.23571469998569228,numeric,any,0.8189704267420876,0.0,"{""reps"": 2, ""entangler"": ""ring"", ""seed"": 0, ""weight_scale"": 0.3, ""data_scale"": 1.0}",23.0,OK,,,1,268,8,127.0,12.0,0.8660714285714286,7.0,1.0,1.0,6.0,0.875,0.962227999989409,0.5298642292131466,,60,0.01831528873510314,
uci_799,799,416153,60,4,hardware_aware,QSVM,KernelOverlap,QSVM (KernelOverlap),Flow-2: Quantum model + classical decision,4,56.0,8.0,19.0,18.0,24,2,9,9,,618,1.0,1.0,1.0,1.0,,0.24419430003035814,,0.007852400012779981,0.0009046000195667148,0.006947799993213266,0.13087333354633301,98.94167420000304,0.23571469998569228,numeric,any,0.8189704267420876,0.0,"{""layers"": 1, ""tau"": 0.1, ""lambda_mi"": 0.25, ""hardware_topology"": ""linear"", ""max_edges"": 3}",,OK,,,2,48,4,8.0,4.0,1.0,8.0,0.0,0.0,7.0,1.0,0.12020960001973435,0.12398470001062378,,60,0.03215636078239244,
uci_799,799,416153,60,4,hardware_aware,QSVM,LS-SVM,QSVM (LS-SVM),Flow-2: Quantum model + classical decision,4,56.0,8.0,19.0,18.0,24,2,9,9,,618,0.8666666666666667,0.7777777777777778,1.0,0.875,1.0,0.20875309998518787,,0.007852400012779981,0.0009046000195667148,0.006947799993213266,0.13087333354633301,98.94167420000304,0.23571469998569228,numeric,any,0.8189704267420876,0.0,"{""layers"": 1, ""tau"": 0.1, ""lambda_mi"": 0.25, ""hardware_topology"": ""linear"", ""max_edges"": 3}",,OK,,,2,48,4,8.0,4.0,0.875,6.0,2.0,0.0,7.0,0.75,0.10314289998495951,0.10561020000022836,,60,0.037615728884204114,
uci_799,799,416153,60,4,hardware_aware,QKNN,SwapTest,QKNN (SwapTest),Flow-2: Quantum model + classical decision,9,198.0,40.0,63.0,62.0,24,2,9,9,,450,0.9333333333333333,1.0,0.8571428571428571,0.9230769230769231,0.9821428571428572,0.05591730002197437,,0.007852400012779981,0.0009046000195667148,0.006947799993213266,0.13087333354633301,98.94167420000304,0.23571469998569228,numeric,any,0.8189704267420876,0.0,"{""layers"": 1, ""tau"": 0.1, ""lambda_mi"": 0.25, ""hardware_topology"": ""linear"", ""max_edges"": 3}",,OK,,,2,48,4,150.0,36.0,0.9285714285714286,8.0,0.0,1.0,6.0,1.0,0.05475169999408536,0.0011656000278890133,,60,0.14042881200798582,
uci_799,799,416153,60,4,hardware_aware,QKNN,GroverStyle,QKNN (GroverStyle),Flow-2: Quantum model + classical decision,9,198.0,40.0,63.0,62.0,24,2,9,9,,450,0.9333333333333333,1.0,0.8571428571428571,0.9230769230769231,0.9821428571428572,0.06349290002253838,,0.007852400012779981,0.0009046000195667148,0.006947799993213266,0.13087333354633301,98.94167420000304,0.23571469998569228,numeric,any,0.8189704267420876,0.0,"{""layers"": 1, ""tau"": 0.1, ""lambda_mi"": 0.25, ""hardware_topology"": ""linear"", ""max_edges"": 3}",,OK,,,2,48,4,150.0,36.0,0.9285714285714286,8.0,0.0,1.0,6.0,1.0,0.06164369999896735,0.0018492000235710293,,60,0.12367367075677087,
uci_799,799,416153,60,4,hardware_aware,QDT,AxisAligned,QDT (AxisAligned),Flow-2: Quantum model + classical decision,4,28.0,4.0,10.0,9.0,24,2,9,9,,58,0.9444444444444444,0.9,1.0,0.9473684210526315,,0.15567639996879734,,0.007852400012779981,0.0009046000195667148,0.006947799993213266,0.13087333354633301,98.94167420000304,0.23571469998569228,numeric,any,0.8189704267420876,0.0,"{""layers"": 1, ""tau"": 0.1, ""lambda_mi"": 0.25, ""hardware_topology"": ""linear"", ""max_edges"": 3}",,OK,,,1,24,2,4.0,2.0,0.9444444444444444,8.0,1.0,0.0,9.0,0.8888888888888888,0.08965659997193143,0.06601979999686591,,60,0.05044052929251871,
uci_799,799,416153,60,4,hardware_aware,QDT,EntangledParity,QDT (EntangledParity),Flow-2: Quantum model + classical decision,4,28.0,4.0,10.0,9.0,24,2,9,9,,58,0.7222222222222222,0.75,0.6666666666666666,0.7058823529411765,,0.13245480001205578,,0.007852400012779981,0.0009046000195667148,0.006947799993213266,0.13087333354633301,98.94167420000304,0.23571469998569228,numeric,any,0.8189704267420876,0.0,"{""layers"": 1, ""tau"": 0.1, ""lambda_mi"": 0.25, ""hardware_topology"": ""linear"", ""max_edges"": 3}",,OK,,,1,24,2,4.0,2.0,0.7222222222222222,7.0,2.0,3.0,6.0,0.7777777777777778,0.07542080001439899,0.05703399999765679,,60,0.05928361986175865,
uci_799,799,416153,60,4,hardware_aware,QDT,FullQuantumStump,QDT (FullQuantumStump),Flow-1: Quantum model + quantum decision,5,37.0,8.0,19.0,18.0,24,2,9,9,,26,0.5555555555555556,0.5454545454545454,0.6666666666666666,0.6,0.5061728395061729,0.04453400004422292,,0.007852400012779981,0.0009046000195667148,0.006947799993213266,0.13087333354633301,98.94167420000304,0.23571469998569228,numeric,any,0.8189704267420876,0.0,"{""layers"": 1, ""tau"": 0.1, ""lambda_mi"": 0.25, ""hardware_topology"": ""linear"", ""max_edges"": 3}",,OK,,,1,24,2,13.0,6.0,0.5555555555555556,4.0,5.0,3.0,6.0,0.4444444444444444,0.036763900017831475,0.007770100026391447,,60,0.17632370784080548,
uci_799,799,416153,60,4,hardware_aware,QNN,Base,QNN,Flow-1: Quantum model + quantum decision,4,116.0,12.0,38.0,37.0,24,2,9,9,,165,0.7333333333333333,0.8,0.5714285714285714,0.6666666666666666,0.75,1.0803750371925909,,0.007852400012779981,0.0009046000195667148,0.006947799993213266,0.13087333354633301,98.94167420000304,0.23571469998569228,numeric,any,0.8189704267420876,0.0,"{""layers"": 1, ""tau"": 0.1, ""lambda_mi"": 0.25, ""hardware_topology"": ""linear"", ""max_edges"": 3}",16.0,OK,,,1,24,2,92.0,10.0,0.7232142857142857,7.0,1.0,3.0,4.0,0.875,0.55114280001726,0.5292322371753309,,60,0.007268216815879826,
uci_799,799,416153,60,4,hardware_aware,QCNN,Base,QCNN,Flow-1: Quantum model + quantum decision,4,155.0,16.0,78.0,77.0,24,2,9,9,,165,0.9333333333333333,1.0,0.8571428571428571,0.9230769230769231,1.0,1.201334342384224,,0.007852400012779981,0.0009046000195667148,0.006947799993213266,0.13087333354633301,98.94167420000304,0.23571469998569228,numeric,any,0.8189704267420876,0.0,"{""layers"": 1, ""tau"": 0.1, ""lambda_mi"": 0.25, ""hardware_topology"": ""linear"", ""max_edges"": 3}",23.0,OK,,,1,24,2,131.0,14.0,0.9285714285714286,8.0,0.0,1.0,6.0,1.0,0.7094899000076111,0.49184444237661284,,60,0.0065363985159999196,
uci_799,799,416153,60,4,basis,QSVM,KernelOverlap,QSVM (KernelOverlap),Flow-2: Quantum model + classical decision,4,25.0,0.0,11.0,10.0,15,0,5,5,,618,0.6666666666666666,0.5833333333333334,1.0,0.7368421052631579,,0.11914439997053705,,0.004882400011410937,0.0009046000195667148,0.003977799991844222,0.08137333352351561,98.94167420000304,0.23571469998569228,numeric,any,0.8189704267420876,0.0,"{""threshold"": ""mid""}",,OK,,,2,30,0,-5.0,0.0,0.6875,3.0,5.0,0.0,7.0,0.375,0.05783839998184703,0.06130599998869002,,60,0.04097884594339553,
uci_799,799,416153,60,4,basis,QSVM,LS-SVM,QSVM (LS-SVM),Flow-2: Quantum model + classical decision,4,25.0,0.0,11.0,10.0,15,0,5,5,,618,0.8,0.7,1.0,0.8235294117647058,0.75,0.10592229999019764,,0.004882400011410937,0.0009046000195667148,0.003977799991844222,0.08137333352351561,98.94167420000304,0.23571469998569228,numeric,any,0.8189704267420876,0.0,"{""threshold"": ""mid""}",,OK,,,2,30,0,-5.0,0.0,0.8125,5.0,3.0,0.0,7.0,0.625,0.05190989997936413,0.05401240001083352,,60,0.046094165363316016,
uci_799,799,416153,60,4,basis,QKNN,SwapTest,QKNN (SwapTest),Flow-2: Quantum model + classical decision,9,135.0,32.0,51.0,50.0,15,0,5,5,,450,0.8,0.7,1.0,0.8235294117647058,0.7857142857142857,0.03684270000667311,,0.004882400011410937,0.0009046000195667148,0.003977799991844222,0.08137333352351561,98.94167420000304,0.23571469998569228,numeric,any,0.8189704267420876,0.0,"{""threshold"": ""mid""}",,OK,,,2,30,0,105.0,32.0,0.8125,5.0,3.0,0.0,7.0,0.625,0.034533800004282966,0.0023089000023901463,,60,0.13252014674621065,
uci_799,799,416153,60,4,basis,QKNN,GroverStyle,QKNN (GroverStyle),Flow-2: Quantum model + classical decision,9,135.0,32.0,51.0,50.0,15,0,5,5,,450,0.8,0.7,1.0,0.8235294117647058,0.7857142857142857,0.036556200007908046,,0.004882400011410937,0.0009046000195667148,0.003977799991844222,0.08137333352351561,98.94167420000304,0.23571469998569228,numeric,any,0.8189704267420876,0.0,"{""threshold"": ""mid""}",,OK,,,2,30,0,105.0,32.0,0.8125,5.0,3.0,0.0,7.0,0.625,0.03422080000746064,0.0023354000004474074,,60,0.13355873997720627,
uci_799,799,416153,60,4,basis,QDT,AxisAligned,QDT (AxisAligned),Flow-2: Quantum model + classical decision,4,10.0,0.0,6.0,5.0,15,0,5,5,,58,0.6111111111111112,1.0,0.2222222222222222,0.36363636363636365,,0.09678829999757,,0.004882400011410937,0.0009046000195667148,0.003977799991844222,0.08137333352351561,98.94167420000304,0.23571469998569228,numeric,any,0.8189704267420876,0.0,"{""threshold"": ""mid""}",,OK,,,1,15,0,-5.0,0.0,0.6111111111111112,9.0,0.0,7.0,2.0,1.0,0.035922300012316555,0.06086599998525344,,60,0.050444113715537066,
uci_799,799,416153,60,4,basis,QDT,EntangledParity,QDT (EntangledParity),Flow-2: Quantum model + classical decision,4,10.0,0.0,6.0,5.0,15,0,5,5,,58,0.8333333333333334,1.0,0.6666666666666666,0.8,,0.09788740001386032,,0.004882400011410937,0.0009046000195667148,0.003977799991844222,0.08137333352351561,98.94167420000304,0.23571469998569228,numeric,any,0.8189704267420876,0.0,"{""threshold"": ""mid""}",,OK,,,1,15,0,-5.0,0.0,0.8333333333333333,9.0,0.0,3.0,6.0,1.0,0.03861849999520928,0.05926890001865104,,60,0.04987771675128378,
uci_799,799,416153,60,4,basis,QDT,FullQuantumStump,QDT (FullQuantumStump),Flow-1: Quantum model + quantum decision,5,19.0,4.0,14.0,13.0,15,0,5,5,,26,0.6111111111111112,0.6,0.6666666666666666,0.631578947368421,0.6111111111111112,0.026667200058000162,,0.004882400011410937,0.0009046000195667148,0.003977799991844222,0.08137333352351561,98.94167420000304,0.23571469998569228,numeric,any,0.8189704267420876,0.0,"{""threshold"": ""mid""}",,OK,,,1,15,0,4.0,4.0,0.6111111111111112,5.0,4.0,3.0,6.0,0.5555555555555556,0.02058230002876371,0.006084900029236451,,60,0.18308633830293017,
uci_799,799,416153,60,4,basis,QNN,Base,QNN,Flow-1: Quantum model + quantum decision,4,71.0,8.0,26.0,25.0,15,0,5,5,,165,0.4666666666666667,0.4,0.2857142857142857,0.3333333333333333,0.48214285714285715,0.9101469062616983,,0.004882400011410937,0.0009046000195667148,0.003977799991844222,0.08137333352351561,98.94167420000304,0.23571469998569228,numeric,any,0.8189704267420876,0.0,"{""threshold"": ""mid""}",16.0,OK,,,1,15,0,56.0,8.0,0.45535714285714285,5.0,3.0,5.0,2.0,0.625,0.48800039998604916,0.4221465062756491,,60,0.005364408732063613,
uci_799,799,416153,60,4,basis,QCNN,Base,QCNN,Flow-1: Quantum model + quantum decision,4,90.0,12.0,46.0,45.0,15,0,5,5,,165,0.6666666666666666,0.6,0.8571428571428571,0.7058823529411765,0.6071428571428572,0.8824271398111271,,0.004882400011410937,0.0009046000195667148,0.003977799991844222,0.08137333352351561,98.94167420000304,0.23571469998569228,numeric,any,0.8189704267420876,0.0,"{""threshold"": ""mid""}",23.0,OK,,,1,15,0,75.0,12.0,0.6785714285714286,4.0,4.0,1.0,6.0,0.5,0.6053605000197422,0.2770666397913849,,60,0.005532921406356513,
uci_799,799,416153,60,4,integer,QSVM,KernelOverlap,QSVM (KernelOverlap),Flow-2: Quantum model + classical decision,4,15.0,0.0,6.0,5.0,0,0,0,0,,618,0.3333333333333333,0.0,0.0,0.0,,0.1118514999980107,,0.006672400020761415,0.0009046000195667148,0.005767800001194701,0.11120666701269026,98.94167420000304,0.23571469998569228,numeric,any,0.8189704267420876,0.0,"{""n_bits"": 4, ""levels"": 16, ""seed"": 0}",,OK,,,2,0,0,15.0,0.0,0.3125,5.0,3.0,7.0,0.0,0.625,0.05402179999509826,0.05782970000291243,,60,0.059654095125054964,
uci_799,799,416153,60,4,integer,QSVM,LS-SVM,QSVM (LS-SVM),Flow-2: Quantum model + classical decision,4,15.0,0.0,6.0,5.0,0,0,0,0,,618,0.3333333333333333,0.0,0.0,0.0,0.20535714285714285,0.13204649998806417,,0.006672400020761415,0.0009046000195667148,0.005767800001194701,0.11120666701269026,98.94167420000304,0.23571469998569228,numeric,any,0.8189704267420876,0.0,"{""n_bits"": 4, ""levels"": 16, ""seed"": 0}",,OK,,,2,0,0,15.0,0.0,0.3125,5.0,3.0,7.0,0.0,0.625,0.06487780000315979,0.06716869998490438,,60,0.05053068442832291,
uci_799,799,416153,60,4,integer,QKNN,SwapTest,QKNN (SwapTest),Flow-2: Quantum model + classical decision,9,125.0,32.0,51.0,50.0,0,0,0,0,,450,0.4,0.42857142857142855,0.8571428571428571,0.5714285714285714,0.2857142857142857,0.038140399992698804,,0.006672400020761415,0.0009046000195667148,0.005767800001194701,0.11120666701269026,98.94167420000304,0.23571469998569228,numeric,any,0.8189704267420876,0.0,"{""n_bits"": 4, ""levels"": 16, ""seed"": 0}",,OK,,,2,0,0,125.0,32.0,0.42857142857142855,0.0,8.0,1.0,6.0,0.0,0.03599000000394881,0.002150399988749996,,60,0.17494310552691397,
uci_799,799,416153,60,4,integer,QKNN,GroverStyle,QKNN (GroverStyle),Flow-2: Quantum model + classical decision,9,125.0,32.0,51.0,50.0,0,0,0,0,,450,0.4,0.42857142857142855,0.8571428571428571,0.5714285714285714,0.2857142857142857,0.032435799977974966,,0.006672400020761415,0.0009046000195667148,0.005767800001194701,0.11120666701269026,98.94167420000304,0.23571469998569228,numeric,any,0.8189704267420876,0.0,"{""n_bits"": 4, ""levels"": 16, ""seed"": 0}",,OK,,,2,0,0,125.0,32.0,0.42857142857142855,0.0,8.0,1.0,6.0,0.0,0.030700799979967996,0.0017349999980069697,,60,0.20571097445699524,
uci_799,799,416153,60,4,integer,QDT,AxisAligned,QDT (AxisAligned),Flow-2: Quantum model + classical decision,4,10.0,0.0,6.0,5.0,0,0,0,0,,58,0.5555555555555556,0.5555555555555556,0.5555555555555556,0.5555555555555556,,0.10220280001522042,,0.006672400020761415,0.0009046000195667148,0.005767800001194701,0.11120666701269026,98.94167420000304,0.23571469998569228,numeric,any,0.8189704267420876,0.0,"{""n_bits"": 4, ""levels"": 16, ""seed"": 0}",,OK,,,1,0,0,10.0,0.0,0.5555555555555556,5.0,4.0,4.0,5.0,0.5555555555555556,0.039248199987923726,0.06295460002729669,,60,0.06528588277197628,
uci_799,799,416153,60,4,integer,QDT,EntangledParity,QDT (EntangledParity),Flow-2: Quantum model + classical decision,4,10.0,0.0,6.0,5.0,0,0,0,0,,58,0.4444444444444444,0.42857142857142855,0.3333333333333333,0.375,,0.07135700003709644,,0.006672400020761415,0.0009046000195667148,0.005767800001194701,0.11120666701269026,98.94167420000304,0.23571469998569228,numeric,any,0.8189704267420876,0.0,"{""n_bits"": 4, ""levels"": 16, ""seed"": 0}",,OK,,,1,0,0,10.0,0.0,0.4444444444444444,5.0,4.0,6.0,3.0,0.5555555555555556,0.03555830003460869,0.03579870000248775,,60,0.09350729455123713,
uci_799,799,416153,60,4,integer,QDT,FullQuantumStump,QDT (FullQuantumStump),Flow-1: Quantum model + quantum decision,5,19.0,4.0,15.0,14.0,0,0,0,0,,26,0.3888888888888889,0.42857142857142855,0.6666666666666666,0.5217391304347826,0.3888888888888889,0.022993499966105446,,0.006672400020761415,0.0009046000195667148,0.005767800001194701,0.11120666701269026,98.94167420000304,0.23571469998569228,numeric,any,0.8189704267420876,0.0,"{""n_bits"": 4, ""levels"": 16, ""seed"": 0}",,OK,,,1,0,0,19.0,4.0,0.38888888888888884,1.0,8.0,3.0,6.0,0.1111111111111111,0.017336699995212257,0.005656799970893189,,60,0.29018635834462575,
uci_799,799,416153,60,4,integer,QNN,Base,QNN,Flow-1: Quantum model + quantum decision,4,66.0,8.0,25.0,24.0,0,0,0,0,,165,0.3333333333333333,0.3333333333333333,0.42857142857142855,0.375,0.3482142857142857,1.1266899303123203,,0.006672400020761415,0.0009046000195667148,0.005767800001194701,0.11120666701269026,98.94167420000304,0.23571469998569228,numeric,any,0.8189704267420876,0.0,"{""n_bits"": 4, ""levels"": 16, ""seed"": 0}",16.0,OK,,,1,0,0,66.0,8.0,0.3392857142857143,2.0,6.0,4.0,3.0,0.25,0.5609622999909334,0.565727630321387,,60,0.005922126257853227,
uci_799,799,416153,60,4,integer,QCNN,Base,QCNN,Flow-1: Quantum model + quantum decision,4,85.0,12.0,46.0,45.0,0,0,0,0,,165,0.26666666666666666,0.16666666666666666,0.14285714285714285,0.15384615384615385,0.2589285714285714,1.292350888946196,,0.006672400020761415,0.0009046000195667148,0.005767800001194701,0.11120666701269026,98.94167420000304,0.23571469998569228,numeric,any,0.8189704267420876,0.0,"{""n_bits"": 4, ""levels"": 16, ""seed"": 0}",23.0,OK,,,1,0,0,85.0,12.0,0.2589285714285714,3.0,5.0,6.0,1.0,0.375,0.6618240000098012,0.6305268889363949,,60,0.005162994104644597,
uci_799,799,416153,60,4,onehot,QSVM,KernelOverlap,QSVM (KernelOverlap),Flow-2: Quantum model + classical decision,4,2.0,0.0,2.0,1.0,5,0,5,5,,618,0.26666666666666666,0.16666666666666666,0.14285714285714285,0.15384615384615385,,0.0704484999878332,,0.006810900027630851,0.0009046000195667148,0.005906300008064136,0.11351500046051417,98.94167420000304,0.23571469998569228,numeric,any,0.8189704267420876,0.0,"{""n_categories"": 4, ""levels"": 16, ""seed"": 0}",,OK,,,2,10,0,-8.0,0.0,0.2589285714285714,3.0,5.0,6.0,1.0,0.375,0.0339242999907583,0.0365241999970749,,60,0.09667913481205599,
uci_799,799,416153,60,4,onehot,QSVM,LS-SVM,QSVM (LS-SVM),Flow-2: Quantum model + classical decision,4,2.0,0.0,2.0,1.0,5,0,5,5,,618,0.26666666666666666,0.16666666666666666,0.14285714285714285,0.15384615384615385,0.17857142857142855,0.08423139993101358,,0.006810900027630851,0.0009046000195667148,0.005906300008064136,0.11351500046051417,98.94167420000304,0.23571469998569228,numeric,any,0.8189704267420876,0.0,"{""n_categories"": 4, ""levels"": 16, ""seed"": 0}",,OK,,,2,10,0,-8.0,0.0,0.2589285714285714,3.0,5.0,6.0,1.0,0.375,0.04109839996090159,0.043132999970111996,,60,0.08085939487185362,
uci_799,799,416153,60,4,onehot,QKNN,SwapTest,QKNN (SwapTest),Flow-2: Quantum model + classical decision,9,120.0,32.0,51.0,50.0,5,0,5,5,,450,0.26666666666666666,0.16666666666666666,0.14285714285714285,0.15384615384615385,0.2589285714285714,0.019004100002348423,,0.006810900027630851,0.0009046000195667148,0.005906300008064136,0.11351500046051417,98.94167420000304,0.23571469998569228,numeric,any,0.8189704267420876,0.0,"{""n_categories"": 4, ""levels"": 16, ""seed"": 0}",,OK,,,2,10,0,110.0,32.0,0.2589285714285714,3.0,5.0,6.0,1.0,0.375,0.01689159998204559,0.002112500020302832,,60,0.3583910854388893,
uci_799,799,416153,60,4,onehot,QKNN,GroverStyle,QKNN (GroverStyle),Flow-2: Quantum model + classical decision,9,120.0,32.0,51.0,50.0,5,0,5,5,,450,0.26666666666666666,0.16666666666666666,0.14285714285714285,0.15384615384615385,0.2589285714285714,0.023882899957243353,,0.006810900027630851,0.0009046000195667148,0.005906300008064136,0.11351500046051417,98.94167420000304,0.23571469998569228,numeric,any,0.8189704267420876,0.0,"{""n_categories"": 4, ""levels"": 16, ""seed"": 0}",,OK,,,2,10,0,110.0,32.0,0.2589285714285714,3.0,5.0,6.0,1.0,0.375,0.02248629997484386,0.0013965999823994935,,60,0.2851789372238776,
uci_799,799,416153,60,4,onehot,QDT,AxisAligned,QDT (AxisAligned),Flow-2: Quantum model + classical decision,4,5.0,0.0,6.0,5.0,5,0,5,5,,58,0.6111111111111112,0.6666666666666666,0.4444444444444444,0.5333333333333333,,0.07104740000795573,,0.006810900027630851,0.0009046000195667148,0.005906300008064136,0.11351500046051417,98.94167420000304,0.23571469998569228,numeric,any,0.8189704267420876,0.0,"{""n_categories"": 4, ""levels"": 16, ""seed"": 0}",,OK,,,1,5,0,0.0,0.0,0.6111111111111112,7.0,2.0,5.0,4.0,0.7777777777777778,0.024016100040171295,0.047031299967784435,,60,0.09586416993258277,
uci_799,799,416153,60,4,onehot,QDT,EntangledParity,QDT (EntangledParity),Flow-2: Quantum model + classical decision,4,5.0,0.0,6.0,5.0,5,0,5,5,,58,0.6111111111111112,0.6666666666666666,0.4444444444444444,0.5333333333333333,,0.09382600002572872,,0.006810900027630851,0.0009046000195667148,0.005906300008064136,0.11351500046051417,98.94167420000304,0.23571469998569228,numeric,any,0.8189704267420876,0.0,"{""n_categories"": 4, ""levels"": 16, ""seed"": 0}",,OK,,,1,5,0,0.0,0.0,0.6111111111111112,7.0,2.0,5.0,4.0,0.7777777777777778,0.036529800039716065,0.05729619998601265,,60,0.07259075337074142,
uci_799,799,416153,60,4,onehot,QDT,FullQuantumStump,QDT (FullQuantumStump),Flow-1: Quantum model + quantum decision,5,14.0,4.0,12.0,11.0,5,0,5,5,,26,0.5,0.5,1.0,0.6666666666666666,0.5,0.01995710001210682,,0.006810900027630851,0.0009046000195667148,0.005906300008064136,0.11351500046051417,98.94167420000304,0.23571469998569228,numeric,any,0.8189704267420876,0.0,"{""n_categories"": 4, ""levels"": 16, ""seed"": 0}",,OK,,,1,5,0,9.0,4.0,0.5,0.0,9.0,0.0,9.0,0.0,0.014133599994238466,0.005823500017868355,,60,0.34127704042666873,
uci_799,799,416153,60,4,onehot,QNN,Base,QNN,Flow-1: Quantum model + quantum decision,4,61.0,8.0,26.0,25.0,5,0,5,5,,165,0.6,0.5454545454545454,0.8571428571428571,0.6666666666666666,0.4821428571428571,1.2176834530798462,,0.006810900027630851,0.0009046000195667148,0.005906300008064136,0.11351500046051417,98.94167420000304,0.23571469998569228,numeric,any,0.8189704267420876,0.0,"{""n_categories"": 4, ""levels"": 16, ""seed"": 0}",16.0,OK,,,1,5,0,56.0,8.0,0.6160714285714286,3.0,5.0,1.0,6.0,0.375,0.49562390000210144,0.7220595530777447,,60,0.0055933255973909055,
uci_799,799,416153,60,4,onehot,QCNN,Base,QCNN,Flow-1: Quantum model + quantum decision,4,80.0,12.0,46.0,45.0,5,0,5,5,,165,0.4666666666666667,0.4444444444444444,0.5714285714285714,0.5,0.3571428571428571,1.4977994820923413,,0.006810900027630851,0.0009046000195667148,0.005906300008064136,0.11351500046051417,98.94167420000304,0.23571469998569228,numeric,any,0.8189704267420876,0.0,"{""n_categories"": 4, ""levels"": 16, ""seed"": 0}",23.0,OK,,,1,5,0,75.0,12.0,0.4732142857142857,3.0,5.0,3.0,4.0,0.375,0.6369246000249404,0.8608748820674008,,60,0.004547270919146272,
